:START_ID,:END_ID,:TYPE
e263,e732,无关
e221,e192,包含
e413,e666,包含
e930,e320,拥有
e408,e382,拥有
e136,e755,依赖
e387,e574,包含
e571,e275,拥有
e568,e716,属性
e1087,e1059,拥有
e933,e79,无关
e583,e85,包含
e824,e887,属性
e1032,e901,包含
e432,e841,属于
e75,e723,拥有
e556,e571,属性
e99,e548,拥有
e1018,e45,被依赖
e515,e695,拥有
e1110,e404,拥有
e527,e793,包含
e197,e755,属于
e569,e688,依赖
e159,e893,依赖
e214,e658,依赖
e987,e830,依赖
e142,e627,包含
e898,e221,被依赖
e534,e1070,属于
e550,e159,属性
e1115,e1114,依赖
e314,e732,包含
e387,e226,包含
e289,e469,拥有
e902,e269,被依赖
e492,e801,依赖
e995,e352,属于
e408,e339,包含
e782,e1081,拥有
e151,e201,包含
e961,e558,被依赖
e41,e813,被依赖
e43,e734,无关
e125,e863,属于
e197,e563,属于
e49,e901,依赖
e676,e845,属于
e387,e91,无关
e951,e855,属于
e1140,e649,拥有
e714,e962,包含
e39,e476,拥有
e367,e226,包含
e10,e91,属于
e452,e200,属性
e528,e265,拥有
e1023,e78,包含
e274,e714,属于
e662,e433,拥有
e28,e901,无关
e495,e80,依赖
e552,e201,属于
e318,e734,无关
e387,e201,包含
e433,e643,拥有
e74,e801,依赖
e1070,e583,包含
e571,e328,拥有
e1104,e916,拥有
e422,e1062,依赖
e845,e1113,拥有
e39,e1,拥有
e571,e16,拥有
e135,e571,包含
e767,e624,属于
e86,e379,依赖
e314,e382,无关
e108,e1003,被依赖
e55,e444,依赖
e721,e226,依赖
e681,e252,属于
e109,e36,包含
e769,e632,拥有
e845,e19,无关
e28,e658,无关
e302,e403,包含
e352,e782,包含
e208,e954,包含
e810,e603,包含
e811,e560,拥有
e571,e499,拥有
e1129,e429,近义
e351,e26,无关
e318,e721,无关
e558,e592,属于
e868,e966,依赖
e759,e435,包含
e901,e379,包含
e84,e843,属性
e77,e353,依赖
e902,e285,包含
e830,e638,拥有
e314,e164,无关
e1120,e650,被依赖
e369,e29,无关
e794,e420,依赖
e387,e572,包含
e1060,e341,拥有
e303,e863,无关
e1104,e681,拥有
e845,e489,包含
e1070,e856,被依赖
e564,e1061,依赖
e1110,e40,包含
e275,e417,依赖
e408,e732,无关
e1038,e887,属性
e547,e813,包含
e760,e725,被依赖
e567,e806,拥有
e721,e25,属性
e568,e571,属性
e934,e1008,属于
e706,e721,无关
e608,e769,属性
e1073,e153,拥有
e830,e714,拥有
e42,e28,拥有
e214,e824,属于
e755,e613,属于
e1060,e796,属于
e825,e519,包含
e140,e167,同义
e1070,e140,包含
e1032,e105,包含
e75,e192,包含
e480,e192,属于
e1074,e786,拥有
e99,e413,依赖
e433,e477,拥有
e631,e695,包含
e663,e81,拥有
e378,e823,无关
e131,e461,被依赖
e830,e490,依赖
e863,e1084,无关
e571,e1099,包含
e159,e4,包含
e1028,e666,包含
e466,e173,无关
e543,e863,同位
e127,e871,属于
e116,e278,属于
e1120,e39,依赖
e1032,e42,包含
e493,e79,属于
e476,e58,属性
e813,e456,属于
e757,e1054,同义
e466,e975,包含
e261,e768,依赖
e1084,e984,其他
e446,e664,包含
e558,e685,依赖
e663,e539,包含
e774,e79,属于
e745,e332,包含
e263,e271,无关
e569,e697,依赖
e947,e833,依赖
e253,e429,拥有
e78,e590,被依赖
e390,e1042,同位
e825,e286,包含
e203,e26,无关
e1053,e370,包含
e958,e458,属性
e372,e1061,包含
e42,e25,属于
e1061,e972,被依赖
e531,e466,属于
e919,e620,拥有
e991,e429,拥有
e1076,e820,被依赖
e715,e79,属于
e1119,e835,同义
e162,e487,包含
e481,e948,属于
e131,e565,被依赖
e863,e277,拥有
e317,e901,属于
e1034,e717,属于
e266,e824,依赖
e966,e876,包含
e813,e160,包含
e91,e429,拥有
e35,e571,属于
e12,e745,属于
e153,e998,属于
e23,e830,依赖
e265,e1107,包含
e541,e601,包含
e560,e888,被依赖
e247,e863,依赖
e880,e948,属于
e491,e286,依赖
e454,e39,依赖
e845,e318,拥有
e1074,e737,无关
e912,e382,无关
e756,e667,无关
e788,e1077,无关
e344,e379,其他
e765,e565,属于
e863,e325,拥有
e275,e17,拥有
e154,e887,包含
e571,e466,拥有
e351,e706,无关
e540,e731,反义
e373,e948,属于
e1054,e149,属于
e646,e403,包含
e1138,e336,被依赖
e778,e358,依赖
e100,e979,拥有
e413,e723,拥有
e1061,e989,属于
e595,e1018,无关
e303,e382,无关
e912,e61,无关
e977,e870,包含
e1139,e221,属于
e791,e173,无关
e373,e675,被依赖
e571,e966,依赖
e668,e228,属于
e352,e258,包含
e933,e1070,属于
e367,e387,属于
e595,e39,包含
e279,e1004,依赖
e833,e506,包含
e156,e1104,拥有
e99,e911,被依赖
e845,e677,依赖
e543,e833,包含
e5,e857,属于
e347,e422,拥有
e230,e221,无关
e331,e1088,包含
e1018,e724,被依赖
e1007,e226,包含
e540,e830,属性
e390,e329,属性
e747,e768,依赖
e156,e29,依赖
e675,e307,依赖
e592,e175,被依赖
e782,e495,拥有
e541,e948,属于
e740,e1139,属于
e621,e271,依赖
e331,e455,包含
e1121,e677,包含
e189,e514,属性
e466,e248,拥有
e504,e679,包含
e40,e274,属于
e1074,e79,属性
e589,e801,拥有
e189,e1035,属于
e1023,e28,包含
e265,e829,属性
e135,e966,包含
e830,e433,拥有
e845,e176,包含
e605,e577,拥有
e735,e704,反义
e61,e382,拥有
e45,e1061,依赖
e560,e323,属性
e51,e0,反义
e779,e566,属于
e299,e61,同义
e569,e160,无关
e1101,e12,反义
e736,e901,属于
e845,e737,无关
e675,e844,被依赖
e1,e590,包含
e44,e362,依赖
e1060,e466,属于
e1061,e220,被依赖
e142,e953,包含
e606,e161,包含
e757,e768,依赖
e331,e852,属于
e1029,e137,依赖
e117,e26,被依赖
e751,e387,属性
e170,e461,拥有
e1061,e801,无关
e830,e525,拥有
e318,e681,依赖
e878,e201,依赖
e183,e823,属于
e901,e732,拥有
e1035,e392,依赖
e282,e781,属于
e199,e571,依赖
e466,e904,无关
e466,e43,拥有
e845,e167,无关
e303,e658,包含
e878,e413,依赖
e360,e99,依赖
e277,e901,属性
e573,e810,拥有
e153,e28,依赖
e1023,e352,属于
e299,e382,拥有
e898,e904,无关
e571,e417,拥有
e845,e901,无关
e569,e644,依赖
e913,e290,其他
e1021,e108,依赖
e632,e278,拥有
e42,e229,拥有
e159,e324,包含
e39,e175,拥有
e263,e833,依赖
e42,e1022,拥有
e41,e801,拥有
e828,e777,包含
e442,e563,包含
e263,e979,属于
e304,e901,属于
e375,e115,同位
e1111,e695,依赖
e909,e1019,无关
e429,e167,属于
e383,e466,属性
e801,e74,被依赖
e229,e466,拥有
e907,e6,依赖
e131,e960,近义
e531,e1121,属性
e129,e433,拥有
e454,e1075,依赖
e677,e387,无关
e804,e580,包含
e801,e759,无关
e813,e664,包含
e578,e661,拥有
e160,e1080,无关
e919,e117,拥有
e511,e208,属于
e301,e745,属于
e644,e39,依赖
e1050,e1035,属性
e253,e433,拥有
e365,e1084,包含
e1018,e329,属性
e339,e912,无关
e486,e830,属性
e43,e318,无关
e644,e1121,属于
e1018,e621,被依赖
e117,e24,属性
e855,e732,依赖
e342,e800,包含
e24,e41,包含
e714,e1070,属于
e664,e39,属于
e1070,e737,包含
e745,e845,属于
e592,e193,拥有
e21,e571,依赖
e745,e413,属于
e812,e750,同位
e1070,e155,拥有
e714,e4,被依赖
e252,e39,属于
e755,e1008,属于
e714,e667,包含
e886,e975,拥有
e79,e560,拥有
e339,e16,拥有
e42,e680,拥有
e567,e734,拥有
e845,e869,包含
e351,e523,拥有
e920,e741,依赖
e1061,e175,被依赖
e292,e342,同位
e25,e734,无关
e367,e1015,其他
e571,e641,拥有
e351,e43,无关
e296,e1061,属于
e163,e1035,属性
e732,e61,无关
e706,e523,拥有
e1026,e75,属于
e234,e225,同义
e903,e774,包含
e263,e912,无关
e887,e277,拥有
e579,e222,属于
e467,e634,被依赖
e1126,e768,属性
e959,e414,包含
e83,e880,属性
e127,e50,同义
e784,e592,依赖
e972,e1061,依赖
e79,e358,被依赖
e42,e80,拥有
e131,e691,被依赖
e28,e732,无关
e840,e560,拥有
e1121,e379,包含
e1130,e41,包含
e460,e791,无关
e1055,e759,包含
e332,e578,属于
e263,e61,无关
e676,e795,拥有
e684,e1129,拥有
e1074,e1119,拥有
e863,e193,包含
e1119,e519,依赖
e39,e169,包含
e571,e351,拥有
e857,e789,属于
e157,e863,依赖
e717,e948,属于
e1129,e797,属性
e1070,e167,包含
e136,e613,包含
e524,e918,依赖
e880,e827,拥有
e571,e330,拥有
e243,e717,属于
e457,e148,包含
e782,e25,属于
e26,e734,无关
e851,e42,属性
e890,e201,依赖
e352,e1121,属于
e755,e880,属于
e830,e8,拥有
e1120,e695,包含
e768,e347,拥有
e409,e40,包含
e1131,e160,包含
e413,e201,包含
e898,e717,无关
e808,e1061,依赖
e1079,e379,同义
e1070,e630,拥有
e52,e769,属性
e633,e373,近义
e413,e430,包含
e731,e830,属性
e480,e549,依赖
e1081,e802,同位
e113,e615,依赖
e227,e571,依赖
e637,e880,依赖
e845,e27,包含
e374,e344,依赖
e284,e277,同义
e214,e833,属于
e2,e680,同位
e578,e26,拥有
e628,e718,被依赖
e232,e397,包含
e782,e277,拥有
e901,e36,被依赖
e1121,e1115,包含
e1120,e857,包含
e302,e1127,包含
e868,e571,属于
e902,e477,拥有
e379,e901,包含
e466,e823,包含
e491,e347,拥有
e19,e1086,拥有
e668,e1127,属于
e493,e930,依赖
e845,e1101,包含
e1018,e141,依赖
e492,e901,依赖
e1060,e85,拥有
e979,e26,被依赖
e991,e433,拥有
e902,e351,拥有
e112,e58,属性
e461,e621,被依赖
e936,e154,属于
e905,e281,属于
e612,e140,属性
e1084,e771,无关
e628,e388,属性
e1017,e342,依赖
e604,e940,被依赖
e213,e39,依赖
e164,e271,无关
e637,e466,依赖
e863,e1010,被依赖
e606,e855,拥有
e42,e2,拥有
e709,e39,依赖
e833,e1001,包含
e496,e226,无关
e1132,e1053,依赖
e768,e286,包含
e921,e162,属于
e745,e353,属于
e714,e357,包含
e961,e58,被依赖
e567,e1055,属于
e880,e1012,拥有
e578,e12,包含
e757,e149,属于
e39,e171,属于
e39,e326,拥有
e1084,e271,无关
e996,e675,同义
e930,e79,属于
e413,e466,被依赖
e584,e945,包含
e47,e532,拥有
e422,e823,无关
e25,e42,包含
e249,e849,反义
e973,e901,被依赖
e117,e901,属性
e222,e845,被依赖
e1022,e814,依赖
e135,e28,包含
e1139,e990,无关
e962,e667,反义
e740,e201,依赖
e367,e201,包含
e288,e26,拥有
e466,e1060,包含
e1121,e695,包含
e604,e114,被依赖
e797,e1126,拥有
e721,e83,无关
e159,e807,包含
e1023,e979,拥有
e101,e325,依赖
e41,e832,拥有
e717,e871,包含
e42,e78,拥有
e849,e791,无关
e1013,e387,属于
e808,e193,被依赖
e1023,e595,属于
e164,e61,无关
e783,e413,属性
e845,e933,无关
e517,e560,依赖
e314,e901,属于
e1074,e845,无关
e560,e554,依赖
e898,e755,无关
e560,e969,依赖
e441,e1070,属性
e1008,e981,包含
e1,e78,属性
e100,e855,拥有
e782,e1022,拥有
e825,e82,包含
e492,e146,包含
e1060,e959,包含
e351,e466,属性
e306,e29,依赖
e1009,e554,依赖
e303,e325,拥有
e733,e209,包含
e230,e71,包含
e685,e901,无关
e473,e863,依赖
e877,e16,属性
e408,e771,无关
e1126,e369,被依赖
e465,e857,属于
e782,e72,拥有
e663,e615,包含
e61,e1018,被依赖
e733,e1035,依赖
e677,e25,包含
e663,e246,拥有
e355,e1078,拥有
e125,e912,包含
e1046,e1007,属于
e29,e291,被依赖
e265,e906,依赖
e1070,e933,被依赖
e408,e863,属于
e784,e801,依赖
e1046,e1056,属于
e948,e392,包含
e442,e226,包含
e958,e167,无关
e851,e26,被依赖
e167,e469,包含
e845,e1126,拥有
e791,e498,无关
e856,e1070,依赖
e448,e265,依赖
e684,e488,其他
e60,e422,被依赖
e725,e962,无关
e387,e906,拥有
e651,e296,依赖
e828,e830,属于
e201,e233,无关
e34,e702,被依赖
e782,e428,属于
e287,e985,同位
e331,e591,属于
e721,e221,属于
e777,e828,属于
e830,e486,拥有
e845,e991,包含
e634,e221,属于
e8,e828,属性
e1070,e837,被依赖
e845,e597,拥有
e9,e695,依赖
e1139,e1004,依赖
e1066,e663,依赖
e79,e768,依赖
e221,e911,包含
e488,e226,包含
e361,e230,无关
e963,e413,依赖
e61,e771,被依赖
e1073,e405,包含
e714,e891,拥有
e547,e859,属于
e329,e833,拥有
e159,e908,包含
e327,e833,依赖
e684,e1096,拥有
e845,e578,包含
e121,e413,属于
e166,e1099,包含
e219,e822,被依赖
e716,e1008,属性
e433,e287,属于
e686,e845,属于
e1102,e451,拥有
e638,e208,被依赖
e39,e388,依赖
e203,e721,无关
e12,e429,拥有
e1121,e58,包含
e50,e221,无关
e167,e19,无关
e252,e984,包含
e296,e39,属于
e974,e167,属于
e26,e523,其他
e145,e67,属于
e99,e634,被依赖
e1024,e370,包含
e426,e1138,包含
e688,e667,无关
e299,e1,拥有
e661,e278,依赖
e466,e201,包含
e560,e861,同义
e959,e332,包含
e755,e226,包含
e270,e705,其他
e167,e540,包含
e415,e370,包含
e845,e544,拥有
e138,e147,依赖
e1029,e1123,拥有
e367,e392,属于
e1140,e571,属于
e303,e912,无关
e179,e559,反义
e663,e66,被依赖
e543,e855,拥有
e117,e979,属于
e531,e695,依赖
e845,e118,包含
e725,e547,无关
e860,e271,拥有
e466,e948,属于
e755,e717,无关
e19,e788,拥有
e77,e1139,属于
e1052,e1126,包含
e303,e1,拥有
e605,e79,属于
e875,e543,属于
e808,e407,被依赖
e734,e721,无关
e1139,e959,无关
e604,e1029,被依赖
e748,e335,包含
e1033,e1035,属性
e563,e201,包含
e408,e919,属于
e200,e182,反义
e651,e766,同位
e1117,e830,属性
e980,e823,包含
e663,e507,被依赖
e863,e532,拥有
e462,e560,拥有
e560,e845,无关
e606,e128,包含
e327,e1038,依赖
e375,e1136,同义
e725,e697,依赖
e990,e201,包含
e1013,e367,包含
e1093,e79,属于
e214,e901,依赖
e575,e644,依赖
e567,e695,依赖
e990,e959,无关
e180,e1061,属于
e995,e597,属于
e39,e193,拥有
e621,e650,被依赖
e128,e833,属于
e190,e714,属于
e505,e289,属性
e425,e344,依赖
e714,e977,反义
e1073,e855,拥有
e984,e682,包含
e1080,e667,无关
e50,e71,同义
e200,e17,拥有
e442,e466,属于
e55,e285,被依赖
e438,e1070,依赖
e74,e1075,同义
e374,e901,依赖
e77,e75,依赖
e635,e553,反义
e902,e732,无关
e1120,e444,包含
e658,e732,无关
e845,e1086,被依赖
e42,e576,拥有
e1135,e278,依赖
e766,e801,依赖
e907,e353,依赖
e912,e271,无关
e768,e1077,无关
e266,e887,属性
e896,e1018,依赖
e650,e681,包含
e992,e645,依赖
e702,e120,包含
e1060,e990,包含
e10,e461,拥有
e1017,e288,依赖
e845,e820,拥有
e984,e33,包含
e474,e822,属于
e902,e98,无关
e778,e79,依赖
e61,e780,被依赖
e1073,e382,拥有
e621,e476,拥有
e756,e1080,无关
e75,e353,依赖
e1068,e510,同义
e256,e413,属于
e665,e126,依赖
e1034,e948,属于
e833,e48,包含
e1044,e791,无关
e365,e277,拥有
e42,e975,拥有
e578,e537,同位
e880,e1008,依赖
e1138,e977,包含
e677,e273,拥有
e482,e251,依赖
e536,e702,依赖
e990,e121,无关
e383,e758,包含
e1034,e274,属于
e263,e1061,属于
e521,e247,包含
e374,e1005,依赖
e4,e336,同位
e569,e725,无关
e503,e1070,属于
e754,e58,属于
e554,e29,依赖
e23,e638,依赖
e758,e383,属于
e570,e1035,属性
e302,e618,包含
e901,e334,拥有
e831,e1070,依赖
e858,e265,拥有
e956,e278,被依赖
e135,e61,无关
e100,e919,属于
e903,e715,包含
e331,e131,拥有
e656,e47,属性
e801,e1075,被依赖
e1046,e466,属于
e677,e845,无关
e1061,e55,拥有
e715,e741,依赖
e603,e16,拥有
e47,e382,拥有
e436,e526,拥有
e700,e41,包含
e741,e1070,无关
e384,e1139,属于
e983,e795,被依赖
e1084,e382,无关
e845,e684,包含
e675,e337,属于
e760,e213,属性
e948,e1121,包含
e410,e1023,属性
e107,e63,依赖
e1006,e1035,依赖
e782,e802,拥有
e705,e16,近义
e234,e29,无关
e696,e732,拥有
e845,e253,包含
e840,e774,依赖
e593,e538,拥有
e671,e1061,依赖
e62,e1061,依赖
e1139,e911,包含
e249,e173,无关
e919,e863,属于
e863,e198,被依赖
e584,e901,属性
e592,e600,反义
e79,e1074,包含
e189,e99,依赖
e44,e723,属于
e846,e768,依赖
e1106,e769,同义
e78,e72,被依赖
e779,e628,拥有
e408,e271,包含
e467,e137,无关
e725,e667,无关
e413,e720,包含
e19,e483,被依赖
e372,e901,包含
e425,e134,属于
e568,e159,属性
e801,e1042,依赖
e233,e221,无关
e444,e46,包含
e801,e308,被依赖
e481,e29,属于
e1061,e1018,无关
e604,e173,被依赖
e997,e357,被依赖
e569,e1080,无关
e91,e1052,被依赖
e823,e845,属于
e289,e528,反义
e460,e904,同位
e1055,e466,拥有
e318,e797,属性
e975,e420,依赖
e845,e129,包含
e34,e1058,被依赖
e858,e795,拥有
e1100,e3,属于
e413,e1004,拥有
e828,e8,拥有
e760,e956,依赖
e314,e912,无关
e648,e1,属性
e323,e1019,无关
e386,e595,拥有
e25,e706,拥有
e454,e571,依赖
e47,e1064,包含
e433,e845,属性
e201,e819,无关
e153,e592,属性
e979,e901,属性
e203,e706,无关
e1079,e901,被依赖
e595,e677,包含
e282,e733,属于
e197,e383,拥有
e111,e745,属性
e83,e745,属性
e140,e516,包含
e815,e857,属于
e331,e1018,无关
e94,e816,依赖
e913,e677,拥有
e854,e845,依赖
e902,e863,依赖
e700,e543,属于
e159,e653,拥有
e257,e858,被依赖
e195,e379,包含
e907,e744,依赖
e573,e1,拥有
e1138,e342,包含
e140,e572,属性
e826,e874,近义
e769,e270,拥有
e79,e714,无关
e511,e638,依赖
e151,e466,属于
e1120,e331,被依赖
e1121,e39,包含
e663,e879,包含
e528,e895,拥有
e322,e822,属于
e444,e576,包含
e801,e39,属性
e235,e1008,包含
e896,e573,属性
e563,e226,包含
e1032,e41,包含
e1060,e612,拥有
e1100,e322,依赖
e75,e413,依赖
e412,e901,依赖
e554,e97,属于
e560,e1002,被依赖
e1032,e851,包含
e8,e607,属性
e1023,e1098,拥有
e858,e845,属于
e1060,e1007,属于
e466,e318,无关
e267,e39,属于
e662,e265,拥有
e605,e741,依赖
e823,e1074,包含
e1052,e788,包含
e745,e265,拥有
e845,e458,包含
e782,e901,近义
e297,e617,依赖
e700,e296,包含
e143,e335,依赖
e19,e318,拥有
e618,e781,属于
e658,e901,属于
e560,e933,无关
e418,e741,依赖
e307,e393,依赖
e1070,e534,包含
e289,e265,拥有
e254,e832,属于
e171,e573,包含
e1129,e1070,属性
e74,e964,包含
e571,e725,拥有
e966,e16,拥有
e61,e685,无关
e75,e971,包含
e845,e43,拥有
e459,e596,属于
e234,e369,同义
e840,e79,属于
e823,e975,属于
e379,e395,被依赖
e563,e1136,无关
e230,e904,无关
e399,e1070,属于
e489,e108,拥有
e1073,e277,拥有
e684,e823,包含
e975,e818,包含
e372,e754,包含
e99,e816,依赖
e902,e953,依赖
e373,e255,被依赖
e1055,e581,包含
e28,e685,无关
e496,e1136,无关
e611,e1140,属性
e948,e932,包含
e966,e213,被依赖
e433,e140,属于
e482,e501,属于
e858,e1078,拥有
e583,e737,包含
e863,e993,拥有
e898,e226,无关
e433,e983,拥有
e1080,e697,无关
e314,e303,反义
e509,e139,属于
e460,e249,无关
e57,e523,被依赖
e83,e723,依赖
e858,e12,包含
e1017,e1138,依赖
e67,e1060,属性
e24,e855,拥有
e179,e398,同义
e823,e25,无关
e833,e627,包含
e601,e129,拥有
e303,e164,无关
e153,e1061,属于
e8,e915,拥有
e353,e201,包含
e858,e89,属于
e676,e89,属于
e547,e962,无关
e438,e562,被依赖
e571,e1121,属于
e412,e1055,属于
e470,e1029,属于
e251,e137,无关
e271,e833,属于
e642,e605,依赖
e450,e485,被依赖
e126,e39,属于
e1110,e735,被依赖
e352,e833,包含
e675,e582,其他
e933,e768,无关
e1101,e845,属于
e571,e200,拥有
e514,e727,拥有
e1069,e1118,包含
e593,e29,依赖
e74,e571,依赖
e775,e902,属于
e132,e230,属于
e902,e845,属于
e78,e557,被依赖
e622,e34,同义
e1026,e99,依赖
e1140,e16,拥有
e801,e160,属性
e666,e655,拥有
e703,e1061,依赖
e352,e1073,包含
e39,e379,被依赖
e687,e755,属于
e922,e132,依赖
e902,e317,其他
e650,e916,包含
e902,e658,无关
e700,e329,包含
e88,e533,依赖
e795,e714,属于
e444,e857,属于
e722,e816,属于
e40,e1070,属于
e677,e686,拥有
e125,e185,被依赖
e859,e813,同义
e758,e571,属性
e642,e560,包含
e732,e382,无关
e326,e1061,属于
e902,e676,包含
e1049,e1018,依赖
e154,e63,依赖
e1092,e39,依赖
e42,e590,拥有
e912,e771,无关
e607,e8,拥有
e89,e1078,拥有
e1060,e880,属于
e425,e245,依赖
e595,e1121,同义
e733,e792,同义
e135,e801,拥有
e466,e332,包含
e504,e296,属性
e726,e344,属于
e409,e944,包含
e466,e791,无关
e212,e666,包含
e1056,e466,属于
e249,e498,无关
e168,e377,被依赖
e471,e681,包含
e979,e105,属性
e43,e706,无关
e1084,e833,属于
e263,e303,无关
e111,e823,依赖
e318,e923,属于
e560,e624,属于
e88,e717,属于
e938,e845,属于
e91,e226,包含
e509,e1008,属于
e1025,e12,包含
e256,e683,依赖
e429,e1129,近义
e107,e732,拥有
e1034,e40,同义
e969,e866,同义
e303,e855,拥有
e1060,e484,拥有
e537,e823,包含
e576,e46,反义
e482,e1053,依赖
e959,e233,无关
e1063,e695,属于
e1039,e211,拥有
e623,e1070,属于
e1055,e695,无关
e1051,e782,属于
e863,e855,拥有
e230,e873,同义
e159,e216,包含
e1074,e891,拥有
e621,e998,依赖
e563,e496,无关
e1138,e292,包含
e263,e314,无关
e459,e693,同位
e516,e572,属性
e721,e755,属性
e201,e655,拥有
e16,e1061,属性
e131,e932,其他
e466,e862,拥有
e958,e19,依赖
e442,e880,属于
e845,e923,拥有
e615,e763,被依赖
e426,e897,包含
e231,e236,反义
e572,e140,拥有
e673,e1070,属性
e271,e771,无关
e700,e620,拥有
e226,e398,拥有
e1035,e727,包含
e408,e263,拥有
e40,e404,拥有
e747,e347,拥有
e45,e171,属于
e571,e213,包含
e1035,e792,被依赖
e1121,e823,无关
e845,e91,拥有
e886,e42,属性
e1053,e251,无关
e788,e745,属性
e386,e677,属于
e745,e990,包含
e926,e974,反义
e1060,e414,包含
e520,e16,其他
e833,e329,包含
e621,e61,依赖
e898,e201,无关
e543,e606,属于
e426,e854,包含
e1047,e8,属性
e384,e158,拥有
e541,e902,包含
e1038,e901,属性
e1097,e462,同义
e391,e741,依赖
e429,e129,属性
e137,e548,包含
e271,e329,属于
e635,e1094,其他
e1055,e1023,包含
e923,e788,包含
e990,e221,无关
e863,e833,包含
e756,e729,拥有
e488,e392,属于
e81,e539,被依赖
e253,e619,拥有
e777,e830,属于
e742,e717,属性
e352,e979,包含
e314,e809,依赖
e845,e1129,拥有
e1136,e880,无关
e1071,e988,属于
e30,e901,依赖
e684,e1061,依赖
e369,e225,同义
e164,e732,无关
e84,e874,拥有
e1018,e396,其他
e675,e306,属于
e649,e571,属性
e606,e998,包含
e110,e1059,拥有
e135,e901,无关
e332,e845,属于
e613,e201,包含
e154,e146,包含
e785,e863,属于
e823,e205,拥有
e303,e271,无关
e387,e714,无关
e1060,e77,拥有
e714,e663,无关
e84,e798,拥有
e636,e276,反义
e665,e596,属于
e79,e95,包含
e926,e131,无关
e1057,e822,属性
e792,e1035,依赖
e79,e320,拥有
e607,e830,属于
e1120,e681,拥有
e1054,e768,依赖
e845,e731,拥有
e1061,e1,拥有
e658,e1,属性
e19,e932,其他
e823,e1101,包含
e16,e61,属性
e607,e669,拥有
e6,e666,依赖
e521,e905,包含
e684,e201,包含
e875,e855,拥有
e1120,e815,包含
e1071,e192,拥有
e745,e433,拥有
e361,e959,依赖
e788,e225,被依赖
e1100,e822,属于
e663,e773,被依赖
e996,e768,属性
e446,e473,依赖
e939,e792,属于
e1139,e99,依赖
e966,e571,依赖
e1023,e72,拥有
e1039,e901,依赖
e804,e162,反义
e667,e795,包含
e845,e201,包含
e573,e502,属于
e331,e466,属于
e1061,e133,包含
e167,e503,包含
e912,e16,拥有
e1061,e502,包含
e466,e273,包含
e775,e858,依赖
e466,e782,属性
e327,e948,属于
e901,e531,拥有
e994,e571,包含
e1061,e621,拥有
e604,e624,被依赖
e737,e4,属于
e107,e207,包含
e904,e498,无关
e1046,e674,属于
e667,e617,其他
e601,e12,包含
e555,e797,被依赖
e121,e845,属于
e898,e251,依赖
e998,e833,被依赖
e178,e271,依赖
e782,e886,拥有
e650,e39,依赖
e207,e63,被依赖
e714,e624,包含
e131,e19,同义
e493,e1074,依赖
e675,e1062,依赖
e230,e498,被依赖
e674,e880,属于
e374,e379,依赖
e760,e139,属于
e16,e571,属性
e25,e43,无关
e1106,e529,拥有
e299,e989,属于
e331,e581,包含
e203,e318,无关
e323,e774,包含
e493,e741,依赖
e1018,e759,无关
e102,e60,无关
e734,e795,被依赖
e314,e863,属性
e1139,e413,依赖
e571,e139,被依赖
e757,e261,同义
e845,e237,包含
e1074,e305,拥有
e737,e340,拥有
e1121,e998,包含
e752,e592,依赖
e768,e422,被依赖
e229,e25,属性
e1074,e378,被依赖
e1060,e745,包含
e493,e750,被依赖
e213,e632,拥有
e572,e226,包含
e886,e567,拥有
e49,e558,依赖
e189,e137,依赖
e1060,e201,包含
e563,e383,拥有
e391,e79,属于
e571,e760,拥有
e541,e949,包含
e717,e819,无关
e706,e318,无关
e1060,e666,属于
e286,e82,被依赖
e10,e1096,拥有
e902,e601,其他
e131,e1109,拥有
e1028,e1029,包含
e509,e914,属于
e934,e712,包含
e11,e816,依赖
e91,e714,无关
e213,e942,属于
e1106,e270,拥有
e654,e1035,属性
e163,e371,属性
e1126,e225,被依赖
e1084,e61,无关
e387,e238,拥有
e813,e670,拥有
e408,e314,拥有
e5,e1140,其他
e331,e708,包含
e929,e77,同义
e974,e1070,属于
e253,e12,包含
e662,e96,拥有
e845,e528,包含
e1074,e933,无关
e923,e765,被依赖
e263,e339,无关
e352,e1021,拥有
e740,e221,属于
e41,e998,包含
e741,e1019,被依赖
e1075,e801,依赖
e909,e323,无关
e265,e545,包含
e424,e514,属性
e702,e274,反义
e263,e325,被依赖
e562,e856,包含
e856,e737,依赖
e379,e982,拥有
e1094,e179,依赖
e321,e79,依赖
e61,e1,拥有
e99,e353,属于
e1131,e1,无关
e191,e768,依赖
e429,e845,属性
e746,e951,同位
e482,e889,依赖
e686,e12,包含
e596,e695,属于
e1023,e975,拥有
e365,e863,属于
e127,e71,同义
e157,e998,依赖
e650,e695,包含
e797,e845,属于
e902,e135,无关
e1139,e121,无关
e505,e528,属性
e42,e439,包含
e253,e318,拥有
e1099,e571,属于
e1074,e560,被依赖
e663,e841,包含
e476,e573,属性
e164,e771,被依赖
e341,e32,依赖
e621,e41,属性
e1067,e1061,依赖
e1023,e344,拥有
e320,e560,同义
e226,e572,属于
e121,e233,无关
e203,e351,同位
e752,e685,依赖
e1060,e1134,拥有
e408,e855,拥有
e851,e41,属性
e271,e732,无关
e154,e936,包含
e75,e341,包含
e863,e762,拥有
e571,e1075,被依赖
e536,e714,属于
e77,e99,依赖
e339,e164,无关
e543,e47,包含
e61,e845,无关
e721,e201,依赖
e193,e423,包含
e1037,e1098,属于
e442,e755,无关
e1126,e234,被依赖
e912,e164,无关
e571,e193,拥有
e543,e41,包含
e11,e910,拥有
e1128,e822,依赖
e596,e975,被依赖
e1073,e47,属于
e627,e1083,反义
e847,e1070,依赖
e172,e379,属于
e663,e351,无关
e1088,e1061,依赖
e253,e845,属于
e151,e990,包含
e1029,e335,包含
e383,e200,包含
e1028,e880,属于
e19,e765,属性
e157,e1121,属于
e19,e1052,被依赖
e689,e714,属于
e142,e1083,包含
e1023,e788,拥有
e373,e307,属于
e425,e912,依赖
e99,e201,包含
e429,e287,属于
e1046,e335,包含
e513,e370,包含
e77,e221,属于
e419,e725,被依赖
e687,e226,包含
e689,e119,反义
e1035,e823,包含
e203,e734,无关
e737,e1082,被依赖
e890,e899,包含
e725,e160,无关
e381,e344,属于
e845,e694,拥有
e415,e1053,属于
e984,e346,包含
e387,e968,包含
e845,e643,拥有
e466,e612,拥有
e898,e137,无关
e1055,e1120,依赖
e830,e1138,拥有
e845,e1133,包含
e845,e477,拥有
e1092,e444,包含
e486,e638,同义
e956,e571,属性
e1060,e1136,拥有
e361,e990,无关
e845,e983,拥有
e39,e803,包含
e201,e717,无关
e695,e25,无关
e75,e392,属于
e42,e979,拥有
e928,e1070,依赖
e265,e734,拥有
e902,e142,依赖
e466,e203,拥有
e61,e141,依赖
e595,e801,无关
e717,e624,反义
e92,e841,反义
e1061,e461,拥有
e845,e932,拥有
e428,e1023,包含
e1116,e128,依赖
e822,e617,包含
e1053,e1029,包含
e1126,e1077,无关
e457,e154,依赖
e112,e677,属性
e685,e809,被依赖
e341,e795,被依赖
e1066,e615,依赖
e1053,e634,被依赖
e683,e533,依赖
e1044,e173,无关
e466,e1008,属于
e68,e551,拥有
e1092,e1138,依赖
e128,e1059,属性
e268,e500,依赖
e869,e433,拥有
e29,e1068,被依赖
e152,e627,被依赖
e1055,e782,包含
e352,e710,包含
e784,e388,包含
e1014,e737,依赖
e755,e159,其他
e302,e228,包含
e1023,e845,拥有
e567,e901,属性
e681,e1096,被依赖
e1126,e231,被依赖
e675,e29,依赖
e98,e685,无关
e963,e75,依赖
e808,e104,拥有
e1021,e1023,属性
e902,e616,同义
e621,e153,依赖
e264,e901,属于
e136,e387,反义
e919,e1064,拥有
e1070,e1019,包含
e991,e265,拥有
e1121,e972,包含
e153,e390,依赖
e100,e352,属于
e186,e110,依赖
e699,e159,属于
e100,e947,其他
e226,e201,其他
e501,e1053,属于
e104,e1061,属性
e427,e16,拥有
e596,e126,依赖
e729,e822,被依赖
e318,e788,包含
e1022,e590,依赖
e434,e39,属性
e329,e855,拥有
e779,e193,包含
e725,e688,依赖
e770,e704,属性
e467,e251,无关
e108,e695,拥有
e922,e535,依赖
e887,e1031,拥有
e1030,e816,依赖
e560,e948,属于
e931,e250,属于
e429,e1070,属于
e898,e1004,依赖
e252,e1119,被依赖
e85,e572,属性
e1021,e26,属性
e77,e1004,依赖
e107,e726,包含
e947,e874,拥有
e1023,e1121,属于
e1103,e672,反义
e153,e329,属性
e1120,e252,同义
e571,e964,被依赖
e649,e454,被依赖
e263,e382,无关
e159,e978,拥有
e563,e466,属于
e408,e303,拥有
e667,e288,其他
e537,e91,包含
e937,e879,反义
e115,e466,依赖
e861,e323,属性
e157,e826,拥有
e755,e201,包含
e968,e863,依赖
e675,e422,依赖
e39,e45,被依赖
e901,e110,属性
e39,e808,包含
e784,e972,包含
e1070,e433,包含
e1138,e199,属于
e733,e309,包含
e253,e1129,拥有
e489,e1032,属于
e909,e741,无关
e252,e444,包含
e321,e358,依赖
e396,e440,其他
e466,e1023,属性
e253,e1025,其他
e674,e466,属于
e1102,e1126,拥有
e159,e233,拥有
e201,e821,无关
e474,e34,被依赖
e1060,e318,拥有
e3,e413,属于
e265,e478,依赖
e1138,e377,被依赖
e995,e26,拥有
e817,e953,同位
e851,e695,拥有
e869,e129,反义
e302,e348,拥有
e409,e1070,属于
e387,e429,无关
e19,e923,拥有
e172,e1005,被依赖
e373,e823,依赖
e578,e979,包含
e253,e677,属于
e861,e320,同义
e727,e182,依赖
e613,e845,近义
e429,e663,无关
e1018,e382,被依赖
e1074,e714,无关
e79,e840,包含
e467,e1053,无关
e969,e260,属于
e271,e566,被依赖
e736,e379,包含
e1046,e226,包含
e364,e167,属于
e658,e304,被依赖
e571,e1065,包含
e972,e1,属性
e330,e571,属性
e230,e173,无关
e323,e930,包含
e537,e845,属于
e361,e201,无关
e10,e1061,依赖
e167,e538,拥有
e361,e233,无关
e992,e571,属于
e797,e555,拥有
e959,e221,无关
e482,e467,依赖
e823,e745,属于
e1018,e434,被依赖
e279,e413,依赖
e24,e948,属于
e301,e201,包含
e693,e596,属于
e815,e1096,被依赖
e700,e851,拥有
e1044,e466,无关
e39,e779,属于
e1013,e140,包含
e554,e358,依赖
e442,e1060,无关
e512,e172,同义
e984,e272,包含
e830,e208,拥有
e995,e489,反义
e293,e732,包含
e61,e573,属性
e972,e388,同位
e1084,e732,无关
e504,e153,属性
e457,e664,包含
e929,e1004,依赖
e12,e845,属于
e905,e908,其他
e745,e201,包含
e23,e8,属性
e845,e504,拥有
e152,e610,反义
e319,e855,拥有
e1061,e39,被依赖
e1139,e201,无关
e584,e746,被依赖
e663,e701,包含
e317,e1121,属于
e845,e788,拥有
e573,e628,拥有
e16,e260,属于
e578,e42,属于
e317,e676,被依赖
e301,e1139,被依赖
e1121,e855,包含
e1115,e344,依赖
e959,e230,无关
e474,e226,包含
e79,e741,依赖
e25,e154,依赖
e701,e66,被依赖
e509,e571,依赖
e25,e1111,拥有
e767,e702,属于
e339,e1084,无关
e511,e8,属性
e845,e12,包含
e482,e634,属于
e935,e320,属性
e1121,e1061,包含
e135,e161,包含
e197,e201,包含
e912,e732,无关
e721,e613,属性
e384,e1060,属性
e560,e29,依赖
e12,e676,属于
e845,e433,拥有
e314,e271,无关
e768,e1097,被依赖
e755,e351,拥有
e916,e631,属于
e863,e515,拥有
e801,e329,属性
e845,e926,无关
e136,e466,属于
e732,e887,属于
e121,e332,包含
e812,e493,依赖
e560,e95,属性
e769,e670,拥有
e915,e663,依赖
e19,e448,拥有
e732,e901,属于
e768,e291,拥有
e732,e771,无关
e666,e880,属于
e165,e58,依赖
e205,e504,包含
e492,e329,依赖
e1070,e222,拥有
e745,e12,拥有
e303,e61,无关
e1019,e930,被依赖
e98,e901,属性
e823,e429,拥有
e677,e1055,无关
e1075,e571,依赖
e710,e277,拥有
e1007,e1056,属于
e89,e795,拥有
e845,e721,拥有
e25,e567,拥有
e418,e79,属于
e656,e620,属于
e267,e779,被依赖
e125,e303,拥有
e741,e774,被依赖
e388,e39,被依赖
e737,e222,被依赖
e773,e615,依赖
e901,e1114,拥有
e901,e975,拥有
e723,e823,依赖
e924,e803,属于
e302,e421,包含
e863,e771,拥有
e344,e135,属于
e1121,e351,包含
e904,e173,被依赖
e596,e39,依赖
e488,e201,包含
e122,e255,被依赖
e69,e420,依赖
e1120,e943,被依赖
e957,e775,包含
e543,e153,拥有
e845,e483,被依赖
e573,e1061,依赖
e396,e1115,被依赖
e711,e845,属于
e665,e732,拥有
e505,e167,属于
e536,e357,反义
e562,e831,被依赖
e26,e706,无关
e737,e845,无关
e714,e1138,反义
e759,e351,拥有
e1029,e634,拥有
e195,e855,拥有
e840,e605,包含
e496,e375,拥有
e1070,e376,拥有
e521,e281,包含
e596,e732,拥有
e447,e977,被依赖
e923,e1126,包含
e195,e732,包含
e553,e1094,其他
e759,e313,包含
e732,e1038,被依赖
e933,e363,被依赖
e887,e379,包含
e167,e974,包含
e898,e75,被依赖
e902,e695,拥有
e1106,e608,拥有
e677,e884,拥有
e243,e230,依赖
e1060,e1023,依赖
e426,e902,包含
e1070,e974,包含
e1023,e726,拥有
e117,e1115,被依赖
e714,e417,被依赖
e678,e29,依赖
e401,e1061,属性
e1018,e61,依赖
e722,e177,被依赖
e1075,e964,包含
e331,e759,被依赖
e842,e1121,属于
e815,e1101,其他
e98,e61,无关
e871,e965,包含
e100,e117,拥有
e566,e621,依赖
e1104,e602,属于
e592,e685,依赖
e902,e61,无关
e823,e880,属于
e379,e1038,拥有
e125,e762,拥有
e442,e496,属于
e476,e144,属性
e673,e1035,属性
e684,e433,拥有
e43,e26,无关
e812,e930,依赖
e845,e239,包含
e161,e167,属性
e58,e1061,属于
e521,e908,包含
e321,e1074,依赖
e1000,e606,属于
e230,e233,无关
e845,e1021,拥有
e863,e912,无关
e871,e221,无关
e755,e791,属于
e448,e131,依赖
e505,e265,依赖
e75,e230,依赖
e263,e771,被依赖
e840,e1040,近义
e296,e61,反义
e745,e1023,依赖
e539,e66,被依赖
e339,e382,无关
e160,e962,无关
e446,e801,依赖
e1138,e168,被依赖
e607,e486,拥有
e1139,e75,同义
e1061,e229,包含
e828,e354,拥有
e963,e99,依赖
e98,e732,依赖
e898,e1053,无关
e1121,e782,包含
e902,e854,被依赖
e318,e1052,属于
e1049,e896,依赖
e343,e413,依赖
e110,e558,依赖
e457,e936,包含
e173,e498,同位
e159,e1045,包含
e1024,e335,包含
e474,e219,依赖
e752,e1061,依赖
e271,e431,属于
e15,e1121,属于
e320,e554,依赖
e1070,e85,包含
e558,e600,反义
e546,e92,属于
e154,e664,包含
e229,e838,拥有
e119,e714,属于
e914,e880,依赖
e451,e788,包含
e755,e466,属于
e274,e717,包含
e845,e1052,被依赖
e476,e754,属性
e1133,e489,属于
e39,e569,被依赖
e1039,e732,拥有
e365,e283,拥有
e614,e863,属于
e922,e230,依赖
e493,e1019,拥有
e157,e833,依赖
e1074,e955,被依赖
e882,e902,属性
e762,e1,属性
e1025,e429,包含
e782,e814,包含
e663,e318,无关
e988,e75,拥有
e1080,e688,无关
e828,e1016,依赖
e218,e116,同义
e740,e75,依赖
e1019,e933,无关
e1068,e411,依赖
e776,e880,属性
e1129,e477,拥有
e433,e124,拥有
e845,e685,无关
e1023,e318,拥有
e462,e768,依赖
e1122,e466,属性
e741,e323,被依赖
e302,e719,包含
e700,e609,拥有
e201,e332,同位
e1120,e5,包含
e121,e959,无关
e198,e0,依赖
e402,e274,属于
e589,e769,属于
e576,e530,包含
e408,e164,拥有
e1019,e768,依赖
e1120,e1061,被依赖
e567,e823,无关
e1097,e768,依赖
e167,e731,包含
e948,e131,包含
e990,e233,无关
e580,e210,被依赖
e575,e571,依赖
e651,e1061,依赖
e732,e1,拥有
e755,e1136,拥有
e408,e61,拥有
e668,e302,依赖
e531,e420,包含
e202,e8,属性
e285,e892,反义
e514,e922,同义
e883,e830,依赖
e677,e960,拥有
e824,e1059,属性
e157,e947,包含
e731,e540,反义
e677,e91,拥有
e1070,e236,拥有
e850,e468,同位
e318,e1126,包含
e956,e392,属于
e1119,e825,属于
e1130,e1061,包含
e1032,e700,包含
e641,e419,同义
e1077,e369,无关
e333,e823,包含
e352,e24,包含
e141,e685,属于
e851,e658,包含
e690,e834,拥有
e563,e839,拥有
e979,e1061,属于
e721,e466,属性
e460,e230,无关
e19,e265,拥有
e761,e1,属于
e855,e901,属性
e476,e220,属性
e564,e466,属于
e893,e830,被依赖
e626,e604,其他
e199,e864,包含
e1096,e1061,属性
e595,e466,拥有
e1049,e133,依赖
e963,e221,属于
e948,e833,包含
e1026,e413,依赖
e1061,e61,包含
e137,e904,无关
e567,e1121,无关
e697,e962,无关
e186,e379,依赖
e863,e998,包含
e863,e283,拥有
e756,e819,无关
e1055,e1018,无关
e23,e208,属性
e323,e554,拥有
e203,e43,无关
e927,e284,拥有
e755,e383,拥有
e691,e765,包含
e670,e855,属于
e650,e857,包含
e1053,e173,无关
e300,e307,近义
e1032,e710,包含
e1046,e1029,依赖
e176,e222,属于
e845,e941,拥有
e607,e777,包含
e636,e482,依赖
e125,e150,拥有
e543,e329,包含
e496,e755,属于
e804,e871,同义
e39,e329,包含
e61,e658,无关
e542,e159,依赖
e959,e201,包含
e514,e99,同位
e936,e801,拥有
e979,e329,属性
e117,e396,依赖
e107,e736,依赖
e688,e962,无关
e1036,e248,属性
e159,e737,包含
e277,e379,属性
e567,e93,拥有
e810,e16,拥有
e845,e540,拥有
e859,e160,包含
e178,e912,依赖
e164,e382,无关
e444,e815,同位
e768,e877,拥有
e1011,e999,被依赖
e741,e925,被依赖
e621,e801,反义
e322,e474,属于
e801,e144,属性
e303,e1084,无关
e672,e231,被依赖
e788,e768,属性
e1055,e25,包含
e263,e193,依赖
e541,e845,属于
e148,e154,属于
e39,e434,拥有
e677,e913,属性
e749,e1070,属于
e286,e347,被依赖
e759,e385,包含
e1023,e1037,拥有
e1070,e280,拥有
e828,e486,拥有
e663,e26,无关
e759,e797,包含
e569,e962,无关
e184,e394,属于
e296,e766,被依赖
e95,e79,属于
e1063,e857,属于
e755,e216,其他
e929,e413,依赖
e845,e829,包含
e951,e732,依赖
e3,e1057,包含
e377,e168,依赖
e1092,e5,包含
e1021,e979,属性
e1070,e1082,被依赖
e40,e717,属于
e684,e332,包含
e83,e755,无关
e75,e99,依赖
e239,e237,反义
e863,e39,属于
e958,e131,依赖
e480,e1139,属于
e253,e722,包含
e450,e863,属性
e521,e463,包含
e756,e547,无关
e1032,e63,依赖
e186,e901,依赖
e710,e855,拥有
e947,e863,依赖
e1138,e800,包含
e25,e203,无关
e1044,e230,无关
e473,e606,依赖
e1120,e531,被依赖
e583,e848,反义
e331,e91,拥有
e981,e310,依赖
e473,e664,包含
e128,e998,依赖
e1129,e387,属性
e382,e771,无关
e554,e323,属性
e339,e271,无关
e19,e1126,拥有
e833,e1083,包含
e480,e75,属于
e323,e79,属于
e901,e658,包含
e35,e76,拥有
e1121,e726,包含
e902,e897,被依赖
e851,e728,属于
e351,e734,无关
e554,e560,被依赖
e8,e208,拥有
e801,e220,属性
e681,e631,属于
e91,e721,无关
e330,e383,属于
e24,e277,拥有
e880,e1139,拥有
e34,e533,反义
e990,e230,无关
e675,e799,属于
e1115,e901,依赖
e801,e1,拥有
e32,e298,依赖
e314,e379,包含
e1123,e335,依赖
e117,e1018,依赖
e429,e215,属性
e1055,e42,包含
e413,e777,包含
e62,e1096,拥有
e823,e479,属于
e213,e695,拥有
e778,e1074,依赖
e977,e789,被依赖
e901,e982,拥有
e1102,e387,属于
e1089,e833,属性
e387,e318,拥有
e518,e901,依赖
e554,e1119,被依赖
e420,e845,属于
e553,e177,属于
e160,e667,无关
e18,e125,其他
e339,e303,无关
e42,e772,包含
e923,e483,依赖
e811,e605,属于
e351,e721,无关
e743,e571,属性
e592,e801,反义
e263,e1084,无关
e1074,e585,被依赖
e265,e540,包含
e1035,e781,被依赖
e83,e823,依赖
e1042,e1061,属于
e386,e466,属于
e380,e833,依赖
e429,e433,同义
e813,e657,拥有
e1049,e59,拥有
e39,e1061,包含
e167,e223,属于
e332,e354,包含
e429,e834,属性
e902,e833,依赖
e467,e173,无关
e855,e887,属性
e494,e902,属性
e569,e547,无关
e296,e801,被依赖
e1104,e29,依赖
e901,e25,属于
e142,e986,包含
e433,e526,被依赖
e863,e1121,属于
e875,e271,包含
e834,e845,依赖
e442,e1136,拥有
e373,e64,被依赖
e975,e845,属于
e1126,e788,反义
e171,e1049,包含
e290,e422,依赖
e883,e8,属性
e675,e768,依赖
e788,e369,被依赖
e902,e123,属于
e412,e109,依赖
e131,e765,被依赖
e782,e80,拥有
e633,e307,属于
e266,e855,属于
e646,e719,包含
e597,e489,包含
e865,e684,依赖
e675,e122,依赖
e352,e1023,包含
e1069,e845,属于
e732,e738,属性
e25,e26,无关
e961,e754,被依赖
e845,e79,无关
e240,e586,反义
e702,e976,包含
e131,e483,被依赖
e1138,e870,包含
e762,e901,属性
e880,e723,包含
e268,e902,属性
e602,e1068,包含
e400,e833,依赖
e824,e901,依赖
e658,e325,包含
e161,e28,同义
e24,e303,拥有
e1121,e632,包含
e320,e79,属性
e871,e162,反义
e773,e701,依赖
e271,e61,依赖
e457,e801,依赖
e571,e569,被依赖
e25,e318,无关
e466,e713,拥有
e9,e1131,属性
e334,e36,属性
e444,e916,被依赖
e1070,e848,包含
e408,e656,拥有
e605,e560,拥有
e429,e662,属性
e769,e520,拥有
e226,e819,无关
e714,e845,无关
e611,e317,被依赖
e1046,e204,属于
e21,e175,依赖
e1104,e183,依赖
e488,e1071,被依赖
e621,e1018,依赖
e606,e948,属于
e390,e998,依赖
e1027,e139,包含
e1121,e472,包含
e811,e79,属于
e496,e1060,无关
e595,e146,包含
e812,e577,拥有
e12,e1101,同位
e265,e731,包含
e433,e1129,近义
e675,e522,其他
e458,e999,被依赖
e875,e656,拥有
e41,e1021,拥有
e1034,e804,包含
e845,e1025,包含
e20,e179,属于
e27,e312,依赖
e182,e714,无关
e307,e29,依赖
e830,e345,拥有
e415,e624,属于
e849,e904,无关
e880,e413,包含
e547,e667,无关
e916,e695,属于
e567,e1136,拥有
e244,e768,依赖
e1054,e261,同义
e193,e739,依赖
e886,e1023,属性
e244,e191,属于
e571,e695,拥有
e339,e61,无关
e962,e870,其他
e571,e427,拥有
e1070,e14,被依赖
e658,e845,无关
e271,e382,无关
e642,e774,依赖
e91,e823,包含
e107,e901,依赖
e370,e634,被依赖
e408,e277,拥有
e1073,e833,包含
e331,e801,无关
e568,e328,包含
e559,e976,包含
e1053,e624,包含
e902,e711,属于
e898,e756,无关
e700,e105,包含
e845,e168,包含
e146,e769,被依赖
e463,e978,被依赖
e700,e855,拥有
e159,e707,包含
e953,e833,被依赖
e1034,e447,反义
e924,e154,依赖
e767,e1053,属于
e756,e201,无关
e663,e734,无关
e765,e845,属性
e383,e330,包含
e217,e845,属性
e135,e732,无关
e1102,e788,拥有
e690,e433,拥有
e942,e969,反义
e314,e1084,无关
e1070,e944,包含
e756,e697,无关
e563,e115,拥有
e290,e877,依赖
e230,e791,无关
e256,e241,属于
e41,e284,拥有
e606,e277,拥有
e447,e40,反义
e791,e904,无关
e1003,e26,依赖
e1061,e388,被依赖
e979,e1121,属于
e663,e721,无关
e290,e768,属性
e251,e173,无关
e1029,e392,属于
e98,e845,无关
e470,e413,依赖
e677,e567,拥有
e677,e975,拥有
e466,e706,无关
e722,e179,同位
e863,e135,包含
e797,e12,包含
e990,e823,属性
e102,e389,依赖
e863,e284,拥有
e351,e318,无关
e1131,e664,包含
e606,e485,拥有
e640,e484,反义
e39,e1072,包含
e1124,e389,依赖
e3,e179,包含
e511,e830,依赖
e214,e967,被依赖
e252,e857,包含
e315,e901,属性
e746,e901,属性
e571,e434,包含
e501,e624,属于
e759,e716,依赖
e948,e1115,包含
e387,e85,拥有
e69,e845,属性
e543,e105,包含
e323,e925,包含
e595,e759,无关
e353,e226,包含
e948,e845,包含
e923,e131,依赖
e1074,e823,无关
e782,e531,拥有
e636,e50,依赖
e975,e1101,包含
e470,e99,依赖
e205,e479,被依赖
e963,e1139,属于
e849,e498,无关
e423,e39,依赖
e1,e901,属性
e1121,e61,包含
e199,e1070,属于
e842,e180,属性
e1124,e373,依赖
e16,e1140,属性
e541,e253,包含
e1105,e593,其他
e54,e901,属于
e208,e828,属性
e1123,e370,依赖
e591,e466,拥有
e297,e373,近义
e745,e318,拥有
e39,e566,被依赖
e20,e816,属于
e488,e75,拥有
e554,e320,同义
e261,e747,属于
e143,e274,依赖
e489,e995,反义
e788,e1103,近义
e1034,e714,属于
e956,e275,被依赖
e198,e902,属于
e894,e955,被依赖
e768,e369,属性
e41,e277,拥有
e230,e466,无关
e694,e103,包含
e50,e230,属于
e886,e25,属性
e1070,e429,包含
e547,e688,无关
e638,e8,被依赖
e560,e935,属于
e303,e732,无关
e1042,e998,属于
e1101,e823,属于
e1007,e466,属于
e1060,e845,无关
e415,e278,属于
e898,e173,无关
e863,e28,包含
e760,e509,同义
e464,e354,同位
e229,e1061,属于
e957,e198,包含
e301,e413,属于
e991,e12,包含
e482,e1034,其他
e1060,e32,拥有
e702,e714,属于
e414,e1023,属于
e527,e823,包含
e102,e877,依赖
e830,e586,包含
e724,e171,属于
e894,e300,拥有
e746,e277,属于
e466,e663,无关
e435,e451,拥有
e41,e153,拥有
e443,e663,属性
e351,e1111,拥有
e408,e912,包含
e297,e16,依赖
e358,e79,属于
e1030,e898,依赖
e256,e75,属于
e537,e684,属于
e252,e695,包含
e79,e1070,无关
e62,e461,拥有
e1055,e1121,属于
e606,e700,包含
e1026,e1139,属于
e488,e796,属于
e314,e359,拥有
e996,e255,依赖
e757,e747,属于
e335,e370,同位
e172,e512,同义
e996,e337,属于
e1073,e1064,包含
e61,e45,被依赖
e541,e1025,包含
e125,e325,拥有
e1020,e379,属于
e1070,e1008,无关
e100,e833,包含
e1019,e79,被依赖
e387,e791,反义
e784,e39,依赖
e615,e539,反义
e493,e358,依赖
e117,e1021,拥有
e593,e681,拥有
e663,e92,包含
e517,e1002,同义
e756,e717,无关
e160,e688,无关
e387,e823,包含
e34,e675,被依赖
e518,e374,被依赖
e695,e1003,属性
e121,e201,包含
e1061,e724,被依赖
e554,e79,属性
e933,e714,无关
e869,e429,拥有
e466,e140,包含
e914,e948,属于
e560,e130,属于
e3,e1108,拥有
e1106,e632,拥有
e415,e335,包含
e153,e833,依赖
e42,e530,拥有
e706,e734,无关
e1060,e963,拥有
e755,e43,拥有
e56,e422,被依赖
e138,e1041,依赖
e412,e466,属于
e378,e60,无关
e571,e969,同位
e1116,e863,属性
e125,e283,拥有
e880,e902,包含
e745,e226,包含
e902,e858,包含
e492,e664,包含
e204,e212,属于
e146,e466,拥有
e732,e658,同位
e263,e164,无关
e127,e230,属于
e629,e349,同位
e299,e16,拥有
e79,e774,包含
e275,e660,拥有
e845,e1136,拥有
e934,e226,包含
e732,e845,无关
e135,e1121,属于
e34,e1128,被依赖
e45,e1049,被依赖
e830,e954,被依赖
e951,e901,属性
e463,e159,属于
e61,e724,被依赖
e61,e896,被依赖
e537,e613,属于
e121,e230,无关
e816,e253,属于
e1107,e545,反义
e801,e700,被依赖
e1061,e144,被依赖
e663,e937,包含
e920,e79,属于
e100,e277,拥有
e429,e89,属性
e140,e857,依赖
e1030,e1029,依赖
e352,e26,拥有
e339,e732,无关
e211,e39,依赖
e663,e763,包含
e571,e1140,包含
e616,e845,属于
e249,e791,无关
e42,e1111,拥有
e5,e789,属于
e41,e271,包含
e845,e461,拥有
e782,e78,包含
e435,e1126,拥有
e899,e201,属于
e75,e1004,依赖
e1060,e298,拥有
e1053,e116,包含
e379,e110,被依赖
e137,e173,无关
e189,e424,同义
e845,e351,拥有
e135,e658,无关
e201,e845,属于
e388,e972,反义
e621,e299,依赖
e845,e830,同位
e451,e1126,包含
e1120,e1063,包含
e352,e329,包含
e1053,e625,被依赖
e538,e1119,属性
e226,e756,无关
e426,e923,包含
e691,e565,同义
e442,e42,属性
e178,e339,依赖
e298,e466,依赖
e258,e833,包含
e774,e840,反义
e835,e519,依赖
e73,e387,属于
e35,e466,拥有
e886,e734,拥有
e663,e706,无关
e1062,e768,属性
e1059,e379,属性
e208,e8,属性
e699,e63,依赖
e715,e605,同义
e41,e710,属于
e779,e1072,包含
e909,e933,无关
e571,e182,拥有
e222,e312,包含
e493,e823,依赖
e875,e47,属于
e41,e396,拥有
e1063,e815,同义
e863,e732,无关
e581,e1061,依赖
e104,e857,属性
e571,e166,被依赖
e339,e771,无关
e663,e203,无关
e880,e226,无关
e931,e893,包含
e845,e1104,拥有
e90,e296,依赖
e702,e948,属于
e314,e61,无关
e714,e948,无关
e1015,e140,拥有
e681,e695,属于
e351,e42,属性
e593,e602,属于
e160,e697,无关
e833,e271,包含
e875,e1064,包含
e521,e159,包含
e472,e571,包含
e444,e695,无关
e1074,e698,拥有
e425,e339,依赖
e1018,e592,其他
e352,e41,包含
e1060,e22,拥有
e34,e97,拥有
e1097,e320,拥有
e1029,e666,反义
e154,e901,包含
e656,e679,拥有
e863,e61,拥有
e845,e265,拥有
e61,e901,无关
e1116,e606,属性
e1014,e14,反义
e339,e314,无关
e863,e382,拥有
e768,e1112,拥有
e1039,e686,被依赖
e684,e1101,包含
e856,e831,近义
e460,e173,被依赖
e849,e173,无关
e256,e1139,属于
e331,e1055,属于
e137,e233,反义
e413,e548,拥有
e854,e466,属于
e801,e1018,同位
e830,e777,包含
e55,e1061,属性
e845,e131,被依赖
e571,e419,拥有
e466,e1137,包含
e1018,e1061,依赖
e167,e895,包含
e1129,e433,近义
e252,e465,包含
e663,e113,被依赖
e912,e832,拥有
e125,e561,被依赖
e845,e429,拥有
e433,e429,同位
e1044,e498,无关
e560,e737,无关
e125,e855,拥有
e537,e5,依赖
e1049,e1061,依赖
e496,e880,无关
e154,e769,属于
e797,e451,拥有
e104,e152,包含
e755,e756,无关
e855,e47,属性
e50,e871,属于
e497,e1121,属于
e1055,e901,包含
e797,e788,拥有
e966,e1121,属于
e16,e677,属性
e303,e558,依赖
e79,e605,包含
e571,e224,包含
e37,e278,依赖
e447,e206,反义
e131,e788,拥有
e700,e606,属于
e522,e97,属性
e197,e1136,拥有
e125,e339,包含
e401,e1060,属性
e560,e79,无关
e1090,e327,包含
e1007,e862,拥有
e1126,e451,属于
e775,e314,依赖
e1007,e204,属于
e465,e444,同义
e369,e891,无关
e181,e252,依赖
e496,e466,属于
e274,e177,包含
e715,e1019,依赖
e352,e42,包含
e902,e932,拥有
e737,e1070,属于
e695,e1039,被依赖
e919,e263,拥有
e801,e126,属性
e1055,e801,无关
e123,e845,属于
e569,e756,无关
e463,e550,依赖
e768,e255,拥有
e111,e83,同义
e1069,e938,包含
e39,e972,依赖
e208,e607,属性
e909,e1070,无关
e63,e610,拥有
e25,e466,属于
e863,e1078,其他
e302,e872,包含
e3,e674,依赖
e1034,e742,拥有
e262,e960,近义
e413,e1091,拥有
e1131,e863,无关
e1139,e1029,属于
e50,e251,被依赖
e41,e390,包含
e1061,e759,被依赖
e143,e241,属于
e658,e648,属于
e737,e140,属于
e886,e466,拥有
e9,e815,包含
e774,e715,反义
e833,e407,包含
e811,e642,被依赖
e1120,e465,包含
e429,e714,无关
e204,e466,属于
e555,e451,包含
e135,e299,包含
e1070,e11,包含
e543,e284,拥有
e782,e975,拥有
e663,e946,包含
e863,e271,无关
e488,e563,被依赖
e1001,e901,属性
e135,e695,无关
e571,e758,拥有
e775,e863,依赖
e125,e271,包含
e1013,e572,属于
e1008,e914,包含
e855,e975,拥有
e1053,e335,包含
e796,e466,属于
e164,e1084,无关
e423,e566,包含
e509,e1121,属于
e1009,e787,依赖
e1070,e174,被依赖
e24,e314,拥有
e40,e948,属于
e902,e901,无关
e46,e42,属于
e773,e663,依赖
e102,e823,无关
e1121,e344,包含
e784,e1061,依赖
e135,e98,无关
e779,e453,包含
e488,e466,属于
e95,e560,拥有
e755,e819,拥有
e189,e413,依赖
e926,e19,无关
e949,e845,属于
e201,e221,无关
e1056,e1008,属于
e671,e801,依赖
e593,e1104,同位
e481,e373,近义
e571,e649,拥有
e592,e326,被依赖
e912,e1084,无关
e135,e685,无关
e3,e106,拥有
e327,e400,同位
e775,e257,依赖
e852,e1061,依赖
e1044,e849,无关
e652,e335,依赖
e954,e638,依赖
e941,e544,反义
e311,e816,依赖
e677,e823,无关
e618,e692,包含
e979,e782,属性
e303,e277,拥有
e575,e171,属于
e917,e704,包含
e280,e1070,属性
e595,e1055,被依赖
e358,e1074,依赖
e488,e684,被依赖
e433,e83,拥有
e732,e685,无关
e112,e560,无关
e227,e644,依赖
e341,e466,属性
e252,e790,包含
e331,e1061,依赖
e296,e31,被依赖
e274,e748,被依赖
e859,e664,包含
e1075,e175,依赖
e1041,e147,同位
e317,e658,包含
e788,e234,被依赖
e970,e1061,属于
e323,e1070,无关
e1070,e338,被依赖
e993,e325,反义
e231,e845,属性
e413,e823,包含
e461,e960,依赖
e901,e1121,属于
e1093,e741,依赖
e473,e769,属于
e1138,e714,反义
e756,e950,属于
e992,e1099,反义
e851,e108,同义
e29,e602,被依赖
e550,e874,拥有
e91,e176,包含
e761,e171,属于
e437,e201,包含
e317,e858,被依赖
e1020,e901,属性
e823,e12,包含
e766,e31,同位
e1106,e520,拥有
e331,e703,包含
e406,e901,属性
e415,e116,同义
e596,e1039,被依赖
e352,e578,包含
e601,e845,属于
e805,e833,依赖
e1139,e341,包含
e56,e291,拥有
e271,e621,被依赖
e16,e964,被依赖
e529,e769,属性
e84,e753,属于
e845,e466,拥有
e324,e893,依赖
e1128,e219,依赖
e504,e532,同位
e167,e926,包含
e801,e587,拥有
e255,e823,依赖
e55,e431,属于
e56,e393,依赖
e39,e621,拥有
e934,e466,属于
e725,e1080,无关
e368,e1070,依赖
e26,e63,同位
e1046,e862,拥有
e135,e16,拥有
e201,e508,包含
e387,e43,拥有
e768,e191,被依赖
e57,e656,被依赖
e554,e624,属于
e933,e737,无关
e1030,e335,属于
e167,e999,被依赖
e457,e901,包含
e845,e711,属于
e605,e840,同位
e779,e13,拥有
e138,e316,依赖
e6,e353,属于
e584,e624,属于
e658,e762,包含
e560,e350,包含
e99,e1004,属于
e331,e10,包含
e79,e948,无关
e1006,e733,同义
e1055,e823,无关
e94,e136,属于
e1070,e562,被依赖
e413,e392,属于
e226,e717,无关
e91,e663,无关
e831,e856,反义
e746,e764,依赖
e252,e815,包含
e916,e953,被依赖
e211,e126,依赖
e845,e222,依赖
e662,e597,拥有
e927,e855,拥有
e1057,e179,属于
e909,e921,反义
e121,e221,无关
e299,e679,拥有
e230,e849,无关
e494,e475,依赖
e695,e823,无关
e1138,e1036,拥有
e702,e1053,依赖
e470,e1139,属于
e435,e788,拥有
e923,e1052,属于
e174,e1070,依赖
e871,e71,包含
e845,e221,拥有
e75,e221,属于
e845,e662,包含
e604,e821,反义
e916,e681,同位
e726,e881,包含
e623,e944,属性
e1056,e880,依赖
e1005,e264,同义
e677,e886,拥有
e156,e593,被依赖
e154,e207,包含
e425,e902,其他
e39,e628,拥有
e1071,e22,拥有
e609,e606,属性
e714,e559,包含
e760,e743,同义
e413,e948,属于
e414,e952,属于
e902,e892,包含
e851,e153,依赖
e263,e396,属于
e222,e1070,依赖
e43,e721,无关
e606,e135,包含
e487,e580,反义
e1075,e74,近义
e413,e911,被依赖
e748,e370,包含
e1092,e815,包含
e252,e1063,包含
e848,e737,包含
e466,e498,无关
e413,e1008,属于
e57,e105,属性
e1060,e226,包含
e1105,e29,依赖
e782,e590,包含
e200,e599,被依赖
e79,e577,拥有
e466,e845,被依赖
e303,e771,无关
e690,e429,拥有
e1092,e576,包含
e741,e930,被依赖
e851,e1003,被依赖
e571,e74,被依赖
e745,e91,拥有
e81,e113,被依赖
e1128,e729,依赖
e801,e998,依赖
e416,e830,属性
e450,e1061,属于
e979,e1023,属性
e331,e564,包含
e593,e916,拥有
e972,e39,被依赖
e466,e249,无关
e16,e732,属性
e335,e634,被依赖
e1024,e1053,属于
e913,e845,拥有
e125,e532,拥有
e60,e1058,被依赖
e1031,e379,依赖
e193,e1061,依赖
e1096,e1,属于
e581,e392,属于
e12,e91,属于
e274,e553,包含
e1102,e201,包含
e466,e567,属性
e491,e747,属于
e1074,e422,无关
e1108,e106,反义
e1006,e792,同义
e100,e164,拥有
e25,e1023,包含
e1056,e413,依赖
e721,e136,依赖
e674,e226,包含
e115,e383,同义
e422,e102,依赖
e12,e131,被依赖
e451,e797,属性
e523,e1111,属性
e488,e1060,被依赖
e1097,e560,拥有
e835,e825,属于
e823,e60,无关
e266,e732,依赖
e25,e420,包含
e249,e904,无关
e55,e461,被依赖
e725,e756,无关
e483,e265,其他
e795,e1078,依赖
e749,e555,同义
e1131,e308,包含
e1138,e1092,被依赖
e89,e845,属于
e497,e833,依赖
e1074,e255,其他
e267,e423,被依赖
e749,e451,包含
e466,e901,拥有
e758,e417,无关
e824,e658,依赖
e969,e1,包含
e845,e289,包含
e39,e658,被依赖
e197,e466,属于
e372,e58,包含
e462,e320,拥有
e805,e380,依赖
e378,e102,无关
e274,e948,属于
e863,e957,被依赖
e788,e433,属性
e263,e101,被依赖
e929,e99,依赖
e602,e538,拥有
e251,e871,依赖
e658,e685,无关
e135,e845,无关
e929,e75,依赖
e1124,e533,依赖
e756,e1,被依赖
e1053,e904,无关
e1061,e975,拥有
e113,e539,依赖
e1047,e830,依赖
e157,e874,拥有
e1004,e816,包含
e726,e901,属性
e842,e61,依赖
e797,e749,拥有
e1085,e278,拥有
e717,e714,属于
e16,e611,包含
e28,e61,无关
e25,e663,无关
e40,e704,被依赖
e42,e466,拥有
e192,e533,属于
e598,e1029,依赖
e63,e769,被依赖
e1121,e901,包含
e1021,e851,依赖
e845,e83,拥有
e387,e196,包含
e756,e962,无关
e1080,e962,无关
e747,e286,被依赖
e182,e417,无关
e107,e696,包含
e447,e717,属于
e902,e0,包含
e1073,e656,拥有
e182,e758,无关
e753,e874,拥有
e131,e845,属于
e41,e105,属于
e991,e131,拥有
e860,e1084,拥有
e812,e163,拥有
e756,e160,无关
e902,e429,拥有
e318,e265,依赖
e523,e695,依赖
e929,e221,属于
e1017,e292,依赖
e1139,e192,包含
e801,e964,被依赖
e1053,e137,依赖
e684,e91,属于
e169,e284,拥有
e596,e211,拥有
e933,e174,包含
e274,e1053,包含
e375,e755,属性
e291,e422,依赖
e293,e379,包含
e1053,e1138,属性
e79,e323,包含
e303,e901,属于
e568,e26,包含
e1070,e831,被依赖
e797,e433,拥有
e1044,e460,无关
e415,e218,同义
e428,e42,包含
e356,e663,依赖
e721,e75,依赖
e801,e47,被依赖
e1044,e249,同位
e571,e714,无关
e699,e1045,包含
e573,e39,依赖
e700,e330,被依赖
e845,e505,拥有
e855,e169,属性
e801,e592,反义
e1004,e911,被依赖
e781,e1035,依赖
e1139,e361,无关
e300,e29,依赖
e721,e890,依赖
e676,e1078,拥有
e1097,e747,属于
e366,e257,反义
e801,e476,拥有
e639,e248,拥有
e91,e433,拥有
e98,e658,无关
e302,e646,包含
e383,e571,属性
e107,e769,属于
e1053,e948,属于
e34,e389,包含
e1085,e135,依赖
e231,e1095,依赖
e472,e631,包含
e425,e59,拥有
e1136,e226,无关
e931,e68,包含
e16,e167,属性
e467,e904,无关
e117,e1061,属于
e466,e1061,属性
e916,e484,依赖
e845,e995,包含
e1043,e667,属于
e76,e571,属于
e628,e271,包含
e79,e737,无关
e845,e958,无关
e1032,e329,包含
e501,e274,属于
e785,e283,拥有
e1032,e65,依赖
e684,e1052,拥有
e571,e632,拥有
e908,e653,依赖
e373,e604,依赖
e788,e451,属于
e628,e423,属性
e340,e1070,属于
e902,e685,无关
e919,e979,拥有
e584,e332,属于
e31,e801,依赖
e736,e726,包含
e434,e571,属于
e58,e901,属性
e91,e332,包含
e606,e833,包含
e902,e823,包含
e845,e387,无关
e24,e606,属于
e1073,e294,包含
e1007,e666,属于
e868,e275,拥有
e314,e762,包含
e354,e828,属性
e547,e1080,拥有
e560,e320,近义
e301,e911,拥有
e807,e707,同义
e606,e28,包含
e1098,e344,依赖
e1029,e880,属于
e466,e849,无关
e916,e252,属于
e1139,e230,依赖
e352,e901,包含
e323,e320,拥有
e87,e187,反义
e201,e230,无关
e445,e863,依赖
e727,e514,属性
e95,e888,拥有
e314,e658,包含
e80,e466,拥有
e584,e948,属于
e352,e919,包含
e30,e863,属于
e271,e141,依赖
e451,e466,属性
e91,e845,属于
e1113,e1109,被依赖
e1104,e538,拥有
e919,e833,包含
e75,e67,包含
e863,e164,无关
e406,e1020,反义
e44,e880,属性
e534,e737,依赖
e665,e39,依赖
e721,e899,依赖
e745,e959,包含
e179,e816,属于
e863,e858,被依赖
e252,e5,包含
e677,e290,属性
e693,e211,同义
e503,e167,属于
e466,e53,拥有
e1060,e1071,被依赖
e898,e819,无关
e538,e835,属性
e1100,e413,依赖
e1102,e140,拥有
e808,e817,包含
e460,e498,无关
e288,e714,属性
e885,e1070,属性
e607,e464,拥有
e326,e175,近义
e125,e277,拥有
e656,e863,属性
e830,e607,包含
e41,e855,拥有
e595,e948,属于
e1018,e566,被依赖
e863,e101,拥有
e100,e863,属于
e314,e726,拥有
e836,e863,属于
e667,e697,无关
e1060,e192,拥有
e402,e1053,属于
e573,e1049,拥有
e1118,e845,属于
e830,e828,包含
e214,e186,被依赖
e1054,e747,属于
e157,e1135,拥有
e677,e1061,包含
e562,e737,依赖
e898,e467,无关
e1,e420,其他
e886,e901,属性
e1015,e387,属于
e1100,e75,依赖
e782,e855,拥有
e828,e179,依赖
e466,e571,属性
e1044,e904,无关
e1060,e516,拥有
e684,e461,拥有
e8,e954,拥有
e1007,e1129,拥有
e830,e853,依赖
e39,e144,被依赖
e1019,e1074,依赖
e750,e930,依赖
e578,e91,拥有
e1039,e39,依赖
e135,e998,包含
e969,e29,依赖
e15,e1092,属性
e706,e782,属性
e602,e183,拥有
e1139,e233,无关
e352,e1130,属于
e912,e679,拥有
e1092,e46,包含
e1046,e212,属于
e756,e688,无关
e755,e975,包含
e714,e275,被依赖
e241,e274,依赖
e1030,e598,依赖
e74,e175,依赖
e425,e60,属于
e973,e379,属于
e711,e123,包含
e638,e915,拥有
e1049,e39,依赖
e595,e1061,包含
e1103,e231,被依赖
e478,e906,同位
e181,e953,依赖
e714,e292,属于
e175,e801,同义
e662,e12,包含
e458,e131,拥有
e263,e863,属性
e58,e809,其他
e230,e249,无关
e745,e121,包含
e745,e192,拥有
e615,e66,被依赖
e716,e760,属性
e194,e222,依赖
e833,e1084,包含
e42,e1121,属于
e504,e912,属性
e767,e274,属于
e537,e1061,依赖
e675,e291,被依赖
e352,e105,包含
e159,e336,包含
e26,e318,无关
e609,e700,属性
e788,e231,被依赖
e1060,e755,无关
e833,e188,包含
e1131,e813,包含
e1121,e329,包含
e425,e948,属于
e7,e466,属于
e571,e866,反义
e975,e12,包含
e610,e1083,被依赖
e409,e845,被依赖
e408,e1084,包含
e745,e466,无关
e429,e118,属性
e758,e714,无关
e1022,e1023,属性
e411,e510,被依赖
e572,e85,拥有
e875,e705,拥有
e902,e12,拥有
e460,e849,无关
e367,e140,包含
e658,e695,拥有
e563,e1060,无关
e1098,e78,依赖
e1092,e1121,属于
e867,e75,依赖
e408,e125,属于
e576,e42,属于
e569,e667,无关
e615,e701,反义
e57,e329,属性
e681,e815,同义
e1070,e910,拥有
e774,e560,拥有
e466,e42,属性
e808,e953,包含
e801,e1061,属性
e547,e697,无关
e559,e449,包含
e57,e1111,被依赖
e85,e1070,属于
e11,e583,属于
e1101,e745,属于
e183,e29,依赖
e571,e876,包含
e471,e916,包含
e785,e614,属于
e563,e755,无关
e361,e221,无关
e256,e221,属于
e659,e242,被依赖
e495,e78,依赖
e1138,e1058,拥有
e299,e141,依赖
e40,e714,包含
e70,e809,反义
e387,e140,包含
e558,e58,依赖
e997,e274,属于
e21,e801,依赖
e893,e250,属于
e1121,e833,包含
e141,e780,包含
e135,e603,包含
e583,e910,拥有
e1131,e329,依赖
e663,e43,无关
e912,e561,被依赖
e690,e845,属于
e748,e1053,属于
e214,e1059,属性
e964,e571,依赖
e466,e734,无关
e102,e675,被依赖
e285,e461,被依赖
e688,e697,同位
e345,e259,拥有
e323,e493,被依赖
e361,e121,无关
e85,e516,同义
e195,e293,同位
e846,e191,属于
e466,e26,无关
e91,e83,无关
e164,e561,被依赖
e24,e832,拥有
e1106,e52,拥有
e165,e901,依赖
e563,e880,属于
e85,e534,反义
e987,e8,属性
e845,e58,属性
e460,e466,无关
e926,e958,被依赖
e875,e515,依赖
e715,e774,反义
e197,e226,包含
e518,e344,依赖
e845,e203,拥有
e1048,e730,属于
e517,e79,依赖
e39,e901,被依赖
e559,e816,依赖
e1129,e318,包含
e1126,e672,近义
e108,e26,被依赖
e1061,e810,包含
e181,e817,依赖
e560,e714,无关
e926,e1070,属于
e828,e900,拥有
e836,e283,拥有
e901,e588,拥有
e783,e1004,被依赖
e492,e769,属于
e537,e1096,拥有
e331,e295,包含
e571,e688,依赖
e152,e63,属性
e562,e1070,依赖
e572,e516,拥有
e1121,e25,包含
e942,e866,反义
e1070,e1014,被依赖
e901,e154,属于
e684,e845,属于
e265,e238,拥有
e665,e211,拥有
e251,e904,无关
e845,e1125,拥有
e331,e461,拥有
e563,e516,拥有
e373,e29,属于
e1023,e80,包含
e153,e105,属性
e314,e771,无关
e571,e1008,属于
e198,e863,依赖
e140,e85,包含
e745,e429,拥有
e830,e240,包含
e383,e182,包含
e1132,e816,属于
e1023,e677,属于
e486,e8,被依赖
e779,e423,属于
e948,e737,无关
e387,e392,属于
e298,e988,属性
e737,e14,被依赖
e1018,e801,同位
e1061,e58,包含
e945,e624,属性
e68,e250,属于
e755,e647,拥有
e317,e732,包含
e427,e571,属性
e100,e284,拥有
e360,e594,属于
e860,e407,拥有
e1071,e298,拥有
e1062,e877,依赖
e775,e359,依赖
e840,e741,依赖
e112,e79,无关
e339,e863,无关
e315,e379,属性
e406,e379,属于
e275,e714,依赖
e830,e38,包含
e595,e331,无关
e1029,e370,包含
e684,e12,包含
e606,e153,拥有
e255,e307,依赖
